/* Location part*/
INSERT INTO address_type VALUES
    ('S', 'Street'),
    ('A', 'Avenue'),
    ('R', 'Road'),
    ('B', 'Boulevard');

INSERT INTO zip_code VALUES
    (50004, 'Spain', 'Zaragoza', 'Aragon'),
    (28009, 'Spain', 'Madrid', 'Comunidad de Madrid'),
    (28050, 'Spain', 'Madrid', 'Comunidad de Madrid'),
    (98765, 'United States', 'Los Angeles', 'California'),
    (60601, 'United States', 'Chicago', 'Ilinois'),
    (60647,'United States', 'Chicago', 'Ilinois');

INSERT INTO contact_type VALUES
    ('P', 'Phone Number'),
    ('E', 'email'),
    ('W', 'Website');
    
INSERT INTO location_type VALUES
    ('E', 'Exterior Cinema'),
    ('I', 'Interior Cinema'),
    ('O', 'Office');
    
INSERT INTO address VALUES
    (1, 'A', 'Augusto', 35, 50004, 'Spain'),
    (2, 'S', 'King Arthur', 4, 60601, 'United States'),
    (3, 'R', 'North-West', 234, 60647, 'United States'),
    (4, 'S', 'Independencia', 2, 50004, 'Spain'),
    (5, 'B', 'The Principal', 8, 98765, 'United States'),
    (6, 'A', 'Alcala', 45, 28009, 'Spain'),
    (7, 'S', 'Los Andes', 15, 28050, 'Spain');

INSERT INTO location VALUES
    (01, 'I', 1),
    (02, 'I', 2),
    (03, 'O', 2),
    (04, 'E', 3),
    (05, 'I', 4),
    (06, 'O', 4),
    (07, 'I', 5),
    (08, 'I', 6),
    (09, 'E', 7);
        
INSERT INTO contact_info VALUES
    (01, 001, 'P', '976242424', 'Customer Service'),
    (01, 002, 'P', '976565656', 'Information'),
    (02, 001, 'P', '577989898', 'Customer Service'),
    (02, 002, 'P', '577797979', 'Information'),
    (03, 001, 'P', '555454545', 'Human Resources'),
    (03, 002, 'P', '544373737', 'Administration'),
    (03, 003, 'E', 'cinemeeuu@gmail.com', 'Customer Service'),
    (03, 004, 'W', 'www.cinemeeuu.com', 'Information'),
    (04, 001, 'P', '589767676', 'Customer Service'),
    (04, 002, 'P', '533242424', 'Information'),
    (05, 001, 'P', '558767676', 'Customer Service'),
    (05, 002, 'P', '512242424', 'Information'),
    (06, 001, 'P','976262626', 'Human Resources'),
    (06, 002,'P','976252525', 'Customer Service'),
    (06, 003,'W' , 'cinespain@gmail.com', 'Customer Service'),
    (06, 004,'W','www.cinespain.es', 'Information'),
    (07, 001,'P','500848484', 'Customer Service'),
    (07, 002,'P','500373737', 'Information'),
    (08, 001,'P','900656565', 'Customer Service'),
    (08, 002,'P','900343434', 'Information'),
    (09, 001,'P','900123456', 'Customer Service'),
    (09, 002,'P','900122334', 'Information');

INSERT INTO cinema VALUES
    (0001, 'Cinema SP1', 01),
    (0002, 'Cinema EEUU2', 02),
    (0003, 'Cinema EEUU3', 04),
    (0004, 'Cinema SP2', 05),
    (0005, 'Cinema EEUU4', 07),
    (0006, 'Cinema SP3', 08),
    (0007, 'Cinema SP4', 09);

/* Staff part*/    
INSERT INTO people VALUES
    ('123456789A', 'John', 'Doe', '1990-01-01'),
    ('987654321B', 'Jane', 'Smith', '1995-02-15'),
    ('567890123C', 'David', 'Johnson', '1988-07-10'),
    ('321456987D', 'Emily', 'Brown', '1992-12-20'),
    ('789012345E', 'Michael', 'Davis', '1987-05-05'),
    ('987654321W', 'William', 'Gonzales', '1988-06-14'),
    ('654321987F', 'Olivia', 'Taylor', '1994-08-30'),
    ('234567890G', 'Daniel', 'Wilson', '1985-03-12'),
    ('567890123H', 'Henry', 'Mals', '1993-10-16'),
    ('876543219H', 'Sophia', 'Anderson', '1993-09-25'),
    ('654321987K', 'Avery', 'Santos', '1989-07-13'),
    ('345678901I', 'Christopher', 'Miller', '1991-06-18'),
    ('765432198J', 'Ava', 'Thomas', '1989-11-05'),
    ('456789012K', 'Andrew', 'Moore', '1996-04-08'),
    ('234567890L', 'Scarlett', 'Castro', '1992-11-28'),
    ('123456789L', 'Peter', 'Wils', '1986-09-12'),
    ('987654321M', 'Mery', 'Cammeron', '1993-02-28'),
    ('876543219X', 'Joshua', 'Robinson', '1993-07-18'),
    ('047432198Y', 'Emily', 'Baker', '1988-06-02'),
    ('654221480Z', 'Andrew', 'Harrison', '1995-08-14'),
    ('943280176A', 'Natalie', 'Foster', '1990-09-22'),
    ('442119860B', 'Elijah', 'Bryant', '1994-04-17'),
    ('331198754D', 'Amelia', 'Sanders', '1989-11-28'),
    ('567890123N', 'Javier', 'Martínez', '1990-07-25'),
    ('321456987O', 'Carmen', 'López', '1995-12-05'),
    ('789012345P', 'Miguel', 'Hernández', '1988-04-15'),
    ('654321987Q', 'Sofía', 'García', '1994-10-30'),
    ('234567890R', 'Alejandro', 'Sánchez', '1987-01-22'),
    ('876543219S', 'Lucía', 'Torres', '1992-08-10'),
    ('345678901T', 'Carlos', 'Fernández', '1991-05-17'),
    ('765432198U', 'Elena', 'Jiménez', '1989-10-03'),
    ('456789012V', 'Antonio', 'Vargas', '1996-03-25'),
    ('567890123X', 'Isabella', 'Moreno', '1993-11-26'),
    ('321456987Y', 'Emma', 'Silva', '1995-07-08'),
    ('789012345Z', 'Luis', 'Ortega', '1991-09-19'),
    ('654321987A', 'Mia', 'Pérez', '1994-12-31'),
    ('234567890B', 'Benjamin', 'Ramos', '1986-03-07'),
    ('876543219C', 'Victoria', 'Delgado', '1992-04-23'),
    ('345678901D', 'Joseph', 'Molina', '1989-08-02'),
    ('765432198E', 'Abigail', 'Vega', '1990-02-11'),
    ('456789012F', 'Samuel', 'Navarro', '1996-06-27'),
    ('987654321G', 'Sophie', 'Cruz', '1987-04-04'),
    ('321456987I', 'Grace', 'Reyes', '1988-12-29'),
    ('789012345J', 'Julian', 'Mendez', '1995-03-30'),
    ('876543219M', 'Leo', 'Valdez', '1991-01-09'),
    ('345678901N', 'Naomi', 'Pacheco', '1987-06-21'),
    ('876543219W', 'Hugo', 'González', '1994-07-12'),
    ('765432198Y', 'Valentina', 'Ruíz', '1988-05-27'),
    ('654321987Z', 'Adrián', 'Molina', '1992-09-08'),
    ('543210976A', 'Nerea', 'Ortega', '1996-02-03'),
    ('432109865B', 'Iker', 'Herrera', '1989-10-19'),
    ('321098754C', 'Alba', 'Vargas', '1993-06-21'),
    ('210987643D', 'Marcos', 'Soto', '1991-01-14'),
    ('109876532E', 'Clara', 'Pérez', '1995-03-29'),
    ('098765421F', 'Gabriel', 'Navarro', '1987-11-04');

INSERT INTO staff_status VALUES
    ('0', 'Manager'),
    ('1', 'Assistant Manager'),
    ('2', 'Accountant'),
    ('3', 'Human Resources'),
    ('4', 'Supervisor'),
	('5', 'Projectionist'),
    ('6', 'Cashier'),
    ('7', 'Ticket Taker'),
    ('8', 'Usher'),
    ('9', 'Cleaner');

INSERT INTO staff VALUES
    (1, '123456789A', 0002, '2015-01-01', NULL, '0', 40),
    (2, '987654321B', 0002, '2016-01-04', NULL, '1', 40),
    (3, '567890123C', 0002, '2016-04-03', NULL, '2', 40),
    (4, '321456987D', 0002, '2016-01-04', NULL, '3', 40),
    (5, '789012345E', 0002, '2023-02-03', NULL, '4', 40),
    (6, '987654321W', 0002, '2015-02-06', NULL, '5', 40),
    (7, '654321987F', 0002, '2015-03-06', NULL, '6', 40),
    (8, '234567890G', 0002, '2015-03-08', NULL, '7', 40),
    (9, '567890123H', 0002, '2015-03-05', NULL, '8', 40),
    (10, '876543219H', 0002, '2015-03-08', NULL, '9', 25),
    (11, '654321987K', 0003, '2015-02-05', NULL, '4', 40),
    (12, '345678901I', 0003, '2015-12-11', NULL, '5', 40),
    (13, '765432198J', 0003, '2015-11-11', NULL, '6', 40),
    (14, '456789012K', 0003, '2023-10-02', NULL, '7', 40),
    (15, '234567890L', 0003, '2016-11-05', NULL, '8', 40),
    (16, '123456789L', 0003, '2016-04-10', NULL, '8', 40),
    (17, '987654321M', 0003, '2017-11-08', NULL, '9', 25),
    (18, '876543219X', 0005, '2016-11-05', NULL, '4', 40),
    (19, '047432198Y', 0005, '2016-12-12', NULL, '5', 40),
    (20, '654221480Z', 0005, '2015-01-09', NULL, '6', 40),
    (21, '943280176A', 0005, '2015-11-09', NULL, '7', 40),
    (22, '442119860B', 0005, '2015-03-12', NULL, '8', 40),
    (23, '331198754D', 0005, '2016-12-11', NULL, '9', 25),
    (24, '567890123N', 0001, '2014-10-05', NULL, '0', 40),
    (25, '321456987O', 0001, '2014-06-05', NULL, '1', 40),
    (26, '789012345P', 0001, '2014-08-05', NULL, '2', 40),
    (27, '654321987Q', 0001, '2014-07-08', NULL, '3', 40),
    (28, '234567890R', 0001, '2015-03-08', NULL, '4', 40),
    (29, '876543219S', 0001, '2015-09-10', NULL, '5', 40),
    (30, '345678901T', 0001, '2014-08-12', NULL, '6', 40),
    (31, '765432198U', 0001, '2014-03-11', NULL, '7', 40),
    (32, '456789012V', 0001, '2014-03-11', NULL, '8', 40),
    (33, '567890123X', 0001, '2015-07-01', NULL, '9', 25),
    (34, '321456987Y', 0004, '2016-01-12', NULL, '4', 40),
    (35, '789012345Z', 0004, '2016-11-12', NULL, '5', 40),
    (36, '654321987A', 0004, '2016-11-12', NULL, '6', 40),
    (37, '234567890B', 0004, '2014-02-02', NULL, '7', 40),
    (38, '876543219C', 0004, '2015-02-07', NULL, '8', 40),
    (39, '345678901D', 0004, '2021-07-09', NULL, '9', 25),
    (40, '765432198E', 0006, '2015-02-08', NULL, '4', 40),
    (41, '456789012F', 0006, '2016-01-01', NULL, '5', 40),
    (42, '987654321G', 0006, '2023-07-02', NULL, '6', 40),
    (43, '321456987I', 0006, '2015-09-10', NULL, '7', 40),
    (44, '789012345J', 0006, '2015-02-12', NULL, '8', 40),
    (45, '876543219M', 0006, '2016-05-03', NULL, '9', 25),
    (46, '345678901N', 0007, '2016-07-02', NULL, '4', 40),
    (47, '876543219W', 0007, '2015-05-02', NULL, '5', 40),
    (48, '765432198Y', 0007, '2015-02-11', NULL, '6', 40),
    (49, '654321987Z', 0007, '2015-09-06', NULL, '7', 40),
    (50, '543210976A', 0007, '2015-03-08', NULL, '8', 40),
    (51, '432109865B', 0007, '2015-03-10', NULL, '8', 40),
    (52, '321098754C', 0007, '2023-02-05', NULL, '9', 25),
    (53, '210987643D', 0007, '2020-01-05', '2022-03-01', '9', 25),
    (54, '109876532E', 0006, '2014-07-11', '2022-05-12', '7', 40),
    (55, '098765421F', 0001, '2015-02-06', '2023-03-08', '6', 40);

/* Product part*/
INSERT INTO family VALUES
    (00000100, 'Film-tickets', 'Film-ticket'),
    (00000200, 'Merchandising', 'Film Merchandising'),
    (50200000, 'Beverages', 'Beverages'),
    (50190000, 'Prepared/Preserved Foods', 'Prepared & preserved foods');

INSERT INTO class VALUES
    (00000110, 'Regular Film-Tickets', 'Regular film-tickets', 00000100),
    (00000120, 'VIP Film-Tickets', 'VIP film-tickets', 00000100),
    (00000210, 'Toys', 'Merchandising toys', 00000200),
    (50202300, 'Non Alcoholic Beverages - Ready to Drink', 'Non alcoholic beverages that are eady to drink', 50200000),
    (50192100, 'Snacks', 'Snacks do not need freeze', 50190000),
    (50192101, 'Pop corn', 'Pop Corn Snacks', 50190000),
    (50192500, 'Sandwiches/Filled Rolls/Wraps', 'Sandwiches & filled rolls & wraps', 50190000);
    
INSERT INTO category VALUES
    (00000111, 'Regular Film-Tickets Mid-Week', 'Regular film-tickets for mid-week days', 00000110),
    (00000112, 'Regular Film-Tickets Weekend', 'Regular film-tickets for weekend days', 00000110),
    (00000121, 'VIP Film-Tickets Mid-Week', 'VIP film-tickets for mid-week days', 00000120),
    (00000122, 'VIP Film-Tickets Weekend', 'VIP film-tickets for weekend days', 00000120),
    (00000131, 'Film Toys', 'Film toys for merchandising', 00000210),
    (10000232, 'Packaged Water', 'Packaged water', 50202300),
    (10000201, 'Drinks Flavoured - Ready to Drink', 'Drinks flavoured that are ready to drink', 50202300),
    (10000220, 'Fruit Juice - Ready to Drink (Shelf Stable)', 'Fruit juice that is ready to drink and is shelf stable', 50202300),
    (10007276, 'Snacks Other', 'Snacks', 50192101),
    (10006747, 'Salt Sticks / Mini Pretzels', 'Salt sticks & mini pretzels', 50192101),
    (10000252, 'Popcorn (Shelf Stable)', 'Popcorn that are shelf stable', 50192100),
    (10000177, 'Chips/Crisps/Snack Mixes - Natural/Extruded (Shelf Stable)', 'Chips & crisps & snack mixes that are natural or extruded and shelf stable', 50192101),
    (10000254, 'Sandwiches/Filled Rolls/Wraps (Frozen)', 'Sandwiches filled & rolls & wraps that are frozen', 50192500);
    
INSERT INTO unit_measure VALUES
    ('MI', 'Minutes', 'Film duration'),
    ('LI', 'Centilitres', 'Litres of beverage'),
    ('CM', 'Centimeters', 'Centimeters popcorn packets tall'),
    ('GR', 'Grams', 'Grams of foods');
    
INSERT INTO product VALUES
    (0000001, 00000111, 'MI', 120, 'Avengers: Endgame', 00000000001, 0101010101),
    (0000002, 00000111, 'MI', 140, 'La La Land', 00000000011, 00000000111),
    (0000003, 00000111, 'MI', 160, 'Inception', 00000000111, 00000001111),
    (0000004, 00000111, 'MI', 112, 'Toy Story 4', 00000001111, 00000011111),
	(0000005, 00000121, 'MI', 120, 'Avengers: Endgame', 00000011111, 0000011111),
    (0000006, 00000121, 'MI', 140, 'La La Land', 0000011111, 00000111111),
    (0000007, 00000121, 'MI', 160, 'Inception', 00000111111, 00001111111),
    (0000008, 00000121, 'MI', 112, 'Toy Story 4', 00001111111, 00011111111),
	(0000009, 00000112, 'MI', 120, 'Avengers: Endgame', 00011111111, 00011111111),
    (0000010, 00000112, 'MI', 140, 'La La Land', 00011111111, 00111111111),
    (0000011, 00000112, 'MI', 160, 'Inception', 00111111111, 01111111111),
    (0000012, 00000112, 'MI', 112, 'Toy Story 4', 01111111111, 11111111111),
	(0000013, 00000122, 'MI', 120, 'Avengers: Endgame', 11111111111, 00000000000),
    (0000014, 00000122, 'MI', 140, 'La La Land', 00000000000, 10000000000),
    (0000015, 00000122, 'MI', 160, 'Inception', 10000000000, 11000000000),
    (0000016, 00000122, 'MI', 112, 'Toy Story 4', 11000000000, 11100000000),
    (0000017, 00000131, NULL, NULL, 'Film Toy', 11100000000, 11110000000),
    (0000018, 10000232, 'LI', 500, 'Packaged Water Bottle', 11110000000, 11111000000),
    (0000019, 10000201, 'LI', 330, 'Coca-Cola Can', 11111000000, 11111100000),
    (0000020, 10000220, 'LI', 200, 'Orange Juice', 11111100000, 11111110000),
    (0000021, 10007276, 'GR', 50, 'Ham Chips', 11111110000, 1111111000),
    (0000022, 10006747, 'GR', 100, 'Salt Sticks', 1111111000, 11111111000),
    (0000023, 10000252, 'CM', 15, 'Popcorn Small', 11111111000, 11111111100),
    (0000024, 10000252, 'CM', 30, 'Popcorn Medium', 11111111100, 11111111110),
    (0000025, 10000252, 'CM', 45, 'Popcorn Big', 11111111110, 1110111111),
    (0000026, 10000177, 'GR', 75, 'Snacks', 1110111111, 11111111011),
    (0000027, 10000254, 'GR', 150, ' Ham & Cheese Sandwich', 11111111011, 00010000111);

/* Payment part*/    
INSERT INTO ccentry_method VALUES
    ('AA', 'Cash'),
    ('BB', 'Card Swipping'),
    ('CC', 'Card Dipping'),
    ('DD', 'Contactless');
    
INSERT INTO ccpayment_type VALUES
    ('MC', 'MasterCard'),
    ('VS', 'Visa'),
    ('DS', 'Discover'),
    ('AM', 'American Express'),
    ('DC', 'Diners Club'),
    ('BK', 'Other Bank Card');

INSERT INTO ccpayment_state VALUES
    ('0', 'STATE_NEW'),
    ('1', 'STATE_APPROVING'),
    ('2', 'STATE_APPROVED'),
    ('3', 'STATE_FAILED'),
    ('4', 'STATE_CANCELED'),
    ('5', 'STATE_EXPIRED');

INSERT INTO currency VALUES
    ('EUR', '001', 'EURO'),
    ('USD', '002', 'AMERICAN DOLLAR');

INSERT INTO ccpayment VALUES
    (1, 1001, 'EUR', '0', 15.50, 0.00, 0.00, '2023-07-11 10:00:00', '2023-07-11 10:00:00', '2023-07-11 10:30:00'),
    (2, 1002, 'EUR', '2', 12.00, 12.00, 12.00, '2023-07-11 11:00:00', '2023-07-11 11:15:00', '2023-07-11 12:00:00'),
    (3, 1003, 'USD', '3', 10.00, 0.00, 0.00, '2023-07-11 12:30:00', '2023-07-11 12:35:00', '2023-07-11 13:00:00'),
    (4, 1004, 'EUR', '4', 8.50, 0.00, 0.00, '2023-07-11 14:00:00', '2023-07-11 14:00:00', '2023-07-11 14:30:00'),
    (5, 1005, 'EUR', '2', 9.00, 9.00, 9.00, '2023-07-11 15:00:00', '2023-07-11 15:05:00', '2023-07-11 15:30:00'),
    (6, 1006, 'USD', '2', 11.50, 11.50, 11.50, '2023-07-11 16:00:00', '2023-07-11 16:00:00', '2023-07-11 16:30:00'),
    (7, 1007, 'EUR', '2', 13.50, 13.50, 13.50, '2023-07-11 17:00:00', '2023-07-11 17:15:00', '2023-07-11 18:00:00'),
    (8, 1008, 'EUR', '2', 16.00, 16.00, 16.00, '2023-07-11 19:00:00', '2023-07-11 19:00:00', '2023-07-11 19:30:00'),
    (9, 1009, 'USD', '2', 10.50, 10.50, 10.50, '2023-07-11 20:00:00', '2023-07-11 20:10:00', '2023-07-11 20:45:00'),
    (10, 1010, 'EUR', '5', 12.50, 0.00, 0.00, '2023-07-11 21:00:00', '2023-07-11 21:00:00', '2023-07-11 21:30:00'),
    (11, 1011, 'EUR', '2', 8.00, 8.00, 8.00, '2023-07-11 22:00:00', '2023-07-11 22:05:00', '2023-07-11 22:30:00'),
    (12, 1012, 'USD', '2', 14.50, 14.50, 14.50, '2023-07-11 23:00:00', '2023-07-11 23:15:00', '2023-07-12 00:00:00'),
    (13, 1013, 'EUR', '5', 11.00, 0.00, 0.00, '2023-07-12 01:00:00', '2023-07-12 01:00:00', '2023-07-12 01:30:00'),
    (14, 1014, 'EUR', '2', 9.50, 9.50, 9.50, '2023-07-12 02:00:00', '2023-07-12 02:10:00', '2023-07-12 02:45:00'),
    (15, 1015, 'USD', '3', 13.00, 0.00, 0.00, '2023-07-12 03:00:00', '2023-07-12 03:00:00', '2023-07-12 03:30:00'),
    (16, 1016, 'EUR', '2', 15.50, 15.50, 15.00, '2023-07-12 04:00:00', '2023-07-12 04:05:00', '2023-07-12 04:30:00'),
    (17, 1017, 'EUR', '2', 7.00, 7.00, 7.00, '2023-07-12 05:00:00', '2023-07-12 05:00:00', '2023-07-12 05:30:00'),
    (18, 1018, 'USD', '2', 12.50, 12.50, 12.50, '2023-07-12 06:00:00', '2023-07-12 06:15:00', '2023-07-12 07:00:00'),
    (19, 1019, 'EUR', '4', 10.50, 0.00, 0.00, '2023-07-12 07:00:00', '2023-07-12 07:00:00', '2023-07-12 07:30:00'),
    (20, 1020, 'EUR', '2', 14.00, 14.00, 14.00, '2023-07-12 08:00:00', '2023-07-12 08:05:00', '2023-07-12 08:30:00'),
    (21, 1021, 'EUR', '2', 14.00, 14.00, 14.00, '2023-07-12 09:00:00', '2023-07-12 09:05:00', '2023-07-12 08:35:00'),
    (22, 1022, 'EUR', '2', 12.50, 12.50, 12.50, '2023-07-12 10:00:00', '2023-07-12 10:15:00', '2023-07-12 11:00:00'),
    (23, 1023, 'EUR', '4', 9.00, 0.00, 0.00, '2023-07-12 11:00:00', '2023-07-12 11:00:00', '2023-07-12 11:30:00'),
    (24, 1024, 'USD', '2', 11.50, 11.50, 11.00, '2023-07-12 12:00:00', '2023-07-12 12:05:00', '2023-07-12 12:30:00'),
    (25, 1025, 'EUR', '2', 13.50, 13.50, 13.50, '2023-07-12 13:00:00', '2023-07-12 13:00:00', '2023-07-12 13:30:00'),
    (26, 1026, 'EUR', '2', 10.00, 10.00, 10.00, '2023-07-12 14:00:00', '2023-07-12 14:15:00', '2023-07-12 15:00:00'),
    (27, 1027, 'USD', '3', 14.50, 0.00, 0.00, '2023-07-12 15:00:00', '2023-07-12 15:00:00', '2023-07-12 15:30:00'),
    (28, 1028, 'EUR', '2', 9.50, 9.50, 9.50, '2023-07-12 16:00:00', '2023-07-12 16:10:00', '2023-07-12 16:45:00'),
    (29, 1029, 'EUR', '2', 11.00, 11.00, 11.00, '2023-07-12 17:00:00', '2023-07-12 17:00:00', '2023-07-12 17:30:00'),
    (30, 1030, 'USD', '2', 12.00, 12.00, 12.00, '2023-07-12 18:00:00', '2023-07-12 18:05:00', '2023-07-12 18:30:00'),
    (31, 1031, 'EUR', '5', 8.50, 0.00, 0.00, '2023-07-12 19:00:00', '2023-07-12 19:00:00', '2023-07-12 19:30:00'),
    (32, 1032, 'EUR', '2', 13.50, 13.50, 13.50, '2023-07-12 20:00:00', '2023-07-12 20:15:00', '2023-07-12 21:00:00'),
    (33, 1033, 'USD', '3', 10.00, 0.00, 0.00, '2023-07-12 21:00:00', '2023-07-12 21:00:00', '2023-07-12 21:30:00'),
    (34, 1034, 'EUR', '2', 12.50, 12.50, 12.50, '2023-07-12 22:00:00', '2023-07-12 22:10:00', '2023-07-12 22:45:00'),
    (35, 1035, 'EUR', '4', 9.00, 0.00, 0.00, '2023-07-12 23:00:00', '2023-07-12 23:00:00', '2023-07-12 23:30:00'),
    (36, 1036, 'USD', '2', 11.50, 11.50, 11.50, '2023-07-13 00:00:00', '2023-07-13 00:05:00', '2023-07-13 00:30:00'),
    (37, 1037, 'EUR', '2', 13.50, 13.50, 13.50, '2023-07-13 01:00:00', '2023-07-13 01:00:00', '2023-07-13 01:30:00'),
    (38, 1038, 'EUR', '2', 10.00, 10.00, 10.00, '2023-07-13 02:00:00', '2023-07-13 02:15:00', '2023-07-13 03:00:00'),
    (39, 1039, 'USD', '5', 14.50, 0.00, 0.00, '2023-07-13 03:00:00', '2023-07-13 03:00:00', '2023-07-13 03:30:00'),
    (40, 1040, 'EUR', '2', 9.50, 9.50, 9.50, '2023-07-13 04:00:00', '2023-07-13 04:10:00', '2023-07-13 04:45:00'),
    (41, 1041, 'EUR', '0', 11.00, 0.00, 0.00, '2023-07-13 05:00:00', '2023-07-13 05:00:00', '2023-07-13 05:30:00');
    
INSERT INTO ccpayment_card VALUES
    (6, 'BK', 'CC', 'N', '1234567890123456', 'Bank F', '082029'),
    (7, 'MC', 'AA', 'Y', '************2345', 'Bank G', '092027'),
    (8, 'VS', 'BB', 'Y', '************6789', 'Bank H', '062028'),
    (9, 'DS', 'CC', 'N', '2345678901234567', 'Bank I', '042025'),
    (10, 'AM', 'DD', 'N', '3456789012345678', 'Bank J', '032030'),
    (11, 'DC', 'AA', 'Y', '************8901', 'Bank K', '072026'),
    (12, 'BK', 'CC', 'N', '4567890123456789', 'Bank L', '012029'),
    (13, 'MC', 'AA', 'Y', '************3456', 'Bank M', '102027'),
    (14, 'VS', 'BB', 'Y', '************7890', 'Bank N', '092028'),
    (15, 'DS', 'CC', 'N', '5678901234567890', 'Bank O', '032025'),
    (16, 'AM', 'DD', 'N', '6789012345678901', 'Bank P', '072030'),
    (17, 'DC', 'AA', 'Y', '************9012', 'Bank Q', '062026'),
    (18, 'BK', 'CC', 'N', '7890123456789012', 'Bank R', '042029'),
    (19, 'MC', 'AA', 'Y', '************4567', 'Bank S', '032027'),
    (20, 'VS', 'BB', 'Y', '************8901', 'Bank T', '082028'),
    (21, 'DS', 'CC', 'N', '8901234567890123', 'Bank U', '022025'),
    (22, 'AM', 'DD', 'N', '9012345678901234', 'Bank V', '092030'),
    (23, 'DC', 'AA', 'Y', '************0123', 'Bank W', '012027'),
    (24, 'BK', 'CC', 'N', '0123456789012345', 'Bank X', '102029'),
    (25, 'MC', 'AA', 'Y', '************5678', 'Bank Y', '052027'),
    (26, 'VS', 'BB', 'Y', '************9012', 'Bank Z', '042028'),
    (27, 'DS', 'CC', 'N', '1234567890123456', 'Bank A', '082025'),
    (28, 'AM', 'DD', 'N', '2345678901234567', 'Bank B', '112030'),
    (29, 'DC', 'AA', 'Y', '************2345', 'Bank C', '012026'),
    (30, 'BK', 'CC', 'N', '3456789012345678', 'Bank D', '062029');

INSERT INTO price VALUES
    ('0000001', 'EUR', 5.00, 2.50),
    ('0000002', 'EUR', 5.00, 1.80),
    ('0000003', 'EUR', 5.00, 2.00),
    ('0000004', 'EUR', 5.00, 1.50),
    ('0000005', 'EUR', 8.00, 3.50),
    ('0000006', 'EUR', 8.00, 2.80),
    ('0000007', 'EUR', 8.00, 2.90),
    ('0000008', 'USD', 10.00, 3.10),
    ('0000009', 'EUR', 6.00, 2.50),
    ('0000010', 'EUR', 6.00, 1.80),
    ('0000011', 'USD', 8.00, 2.50),
    ('0000012', 'EUR', 6.00, 1.50),
    ('0000013', 'EUR', 10.00, 3.50),
    ('0000014', 'EUR', 10.00, 2.80),
    ('0000015', 'EUR', 10.00, 2.90),
    ('0000016', 'EUR', 10.00, 2.60),
    ('0000017', 'EUR', 12.00, 2.50),
    ('0000018', 'EUR', 4.50, 1.80),
    ('0000019', 'EUR', 2.50, 2.00),
    ('0000020', 'EUR', 3.00, 1.50),
    ('0000021', 'EUR', 3.00, 3.50),
    ('0000022', 'EUR', 5.00, 2.80),
    ('0000023', 'EUR', 4.50, 2.90),
    ('0000024', 'EUR', 6.00, 2.60),
    ('0000025', 'EUR', 10.00, 2.50),
    ('0000026', 'EUR', 7.00, 1.80),
    ('0000027', 'EUR', 7.50, 2.00);

/* Film part*/
INSERT INTO film_genre VALUES
    (1, 'Action'),
    (2, 'Comedy'),
    (3, 'Drama'),
    (4, 'Horror'),
    (5, 'Romance'),
    (6, 'Sci-Fi');

INSERT INTO star VALUES
    (1, 'Tom', 'Hanks'),
    (2, 'Meryl', 'Streep'),
    (3, 'Leonardo', 'DiCaprio'),
    (4, 'Brad', 'Pitt'),
    (5, 'Angelina', 'Jolie'),
    (6, 'Johnny', 'Depp'),
    (7, 'Jennifer', 'Lawrence'),
    (8, 'Robert', 'Downey Jr.'),
    (9, 'Scarlett', 'Johansson'),
    (10, 'Denzel', 'Washington'),
    (11, 'Emma', 'Stone'),
    (12, 'Matt', 'Damon'),
    (13, 'Charlize', 'Theron'),
    (14, 'Will', 'Smith'),
    (15, 'Natalie', 'Portman'),
    (16, 'Chris', 'Hemsworth'),
    (17, 'Jennifer', 'Aniston'),
    (18, 'George', 'Clooney'),
    (19, 'Julia', 'Roberts'),
    (20, 'Tom', 'Cruise'),
    (21, 'Emma', 'Watson'),
    (22, 'Hugh', 'Jackman'),
    (23, 'Cate', 'Blanchett'),
    (24, 'Ryan', 'Gosling'),
    (25, 'Anne', 'Hathaway'),
    (26, 'Daniel', 'Radcliffe'),
    (27, 'Sandra', 'Bullock'),
    (28, 'Chris', 'Evans'),
    (29, 'Harrison', 'Ford'),
    (30, 'Charlize', 'Theron'),
    (31, 'Joaquin', 'Phoenix'),
    (32, 'Nicole', 'Kidman'),
    (33, 'Samuel', 'L. Jackson'),
    (34, 'Emma', 'Thompson'),
    (35, 'Jude', 'Law'),
    (36, 'Kate', 'Winslet'),
    (37, 'Mark', 'Ruffalo'),
    (38, 'Jessica', 'Chastain'),
    (39, 'Michael', 'Fassbender'),
    (40, 'Viola', 'Davis');

INSERT INTO language VALUES
    ('EN', 'English'),
    ('ES', 'Spanish'),
    ('FR', 'French'),
    ('PT', 'Portuguese');


INSERT INTO film VALUES
    (1, 'Avengers: Endgame', '2019-04-26', 'EN', 'MI', 180, 1, 'The Avengers embark on a mission to defeat the powerful Thanos and restore balance to the universe.', NULL),
    (2, 'La La Land', '2016-12-09', 'ES', 'MI', 128, 2, 'A jazz pianist and an aspiring actress fall in love while pursuing their dreams in Los Angeles.', NULL),
    (3, 'Inception', '2010-07-16', 'ES', 'MI', 148, 3, 'A thief skilled in the art of extraction enters dreams to plant an idea in someone\'s subconscious.', NULL),
    (4, 'Toy Story 4', '2019-06-21', 'EN', 'MI', 100, 4, 'Woody, Buzz, and their friends embark on an adventure to rescue a new toy named Forky.', NULL),
    (5, 'The Hunger Games', '2012-03-23', 'EN', 'MI', 142, 7, 'In a dystopian future, a young girl volunteers to fight in a televised battle for survival.', NULL),
    (6, 'Iron Man', '2008-05-02', 'EN', 'MI', 126, 8, 'A billionaire industrialist builds a high-tech suit of armor and becomes a superhero.', NULL),
    (7, 'Pirates of the Caribbean', '2003-07-09', 'PT', 'MI', 143, 6, 'A charming pirate captain teams up with an unlikely ally to rescue his kidnapped love.', NULL),
    (8, 'Mad Max: Fury Road', '2015-05-15', 'EN', 'MI', 120, 13, 'In a post-apocalyptic wasteland, a woman rebels against a tyrannical ruler in a deadly chase.', NULL),
    (9, 'Training Day', '2001-10-05', 'FR', 'MI', 122, 10, 'A rookie cop is partnered with a corrupt detective on his first day in a dangerous and corrupt city.', NULL),
    (10, 'Maleficent', '2014-05-30', 'EN', 'MI', 97, 5, 'A vengeful fairy casts a curse on a newborn princess, only to discover the power of true love.', NULL),
    (11, 'Harry Potter and the Philosopher''s Stone', '2001-11-16', 'ES', 'MI', 152, 21, 'A young boy discovers he is a wizard and begins his magical education at Hogwarts School.', NULL),
    (12, 'Blue Jasmine', '2013-08-23', 'EN', 'MI', 98, 23, 'A former New York socialite moves in with her sister in San Francisco after her life takes a downturn.', NULL),
    (13, 'Les Misérables', '2012-12-25', 'FR', 'MI', 157, 25, 'In 19th-century France, a paroled prisoner seeks redemption while evading a relentless inspector.', NULL),
    (14, 'Gravity', '2013-10-04', 'ES', 'MI', 91, 27, 'Two astronauts are stranded in space after their shuttle is destroyed, fighting to survive.', NULL),
    (15, 'Atomic Blonde', '2017-07-28', 'ES', 'MI', 115, 30, 'A skilled MI6 agent is sent to Berlin during the Cold War to investigate the murder of a fellow agent.', NULL);
    
INSERT INTO film_cast VALUES
    (1, 1),
    (1, 3),
    (1, 16),
    (2, 2),
    (2, 11),
    (3, 3),
    (3, 19),
    (4, 4),
    (4, 20),
    (5, 7),
    (5, 12),
    (6, 8),
    (6, 9),
    (7, 6),
    (7, 14),
    (8, 13),
    (8, 15),
    (9, 10),
    (9, 18),
    (10, 5),
    (10, 17),
    (11, 21),
    (11, 22),
    (12, 23),
    (12, 24),
    (13, 25),
    (13, 26),
    (14, 27),
    (14, 28),
    (15, 30),
    (15, 31);    
    
    
INSERT INTO film_picture VALUES
    (1, 1, 00000001),
    (2, 2, 10000001),
    (3, 3, 11000001),
    (4, 4, 11100001),
    (5, 5, 11110001),
    (6, 6, 11111001),
    (7, 7, 11111101),
    (8, 8, 11111111),
    (9, 9, 01111111),
    (10, 10, 00111111),
    (11, 11, 00011111),
    (12, 12, 00001111),
    (13, 13, 00000111),
    (14, 14, 00000011),
    (15, 15, 11000011);

/* Film Session part*/
INSERT INTO room VALUES
    (0001, 1),
    (0001, 2),
    (0001, 3),
    (0002, 1),
    (0002, 2),
    (0002, 3),
    (0003, 1),
    (0003, 2),
    (0003, 3),
    (0004, 1),
    (0004, 2),
    (0004, 3),
    (0005, 1),
    (0005, 2),
    (0005, 3),
    (0006, 1),
    (0006, 2),
    (0006, 3),
    (0007, 1),
    (0007, 2),
    (0007, 3);
    
    INSERT INTO seat VALUES
    ('11', 1),
    ('11', 2),
    ('11', 3),
    ('11', 4),
    ('11', 5),
    ('11', 6),
    ('11', 7),
    ('11', 8),
    ('11', 9),
    ('11', 10),
    ('12', 11),
    ('12', 12),
    ('12', 13),
    ('12', 14),
    ('12', 15),
    ('12', 16),
    ('12', 17),
    ('12', 18),
    ('12', 19),
    ('12', 20),
    ('13', 21),
    ('13', 22),
    ('13', 23),
    ('13', 24),
    ('13', 25),
    ('13', 26),
    ('13', 27),
    ('13', 28),
    ('13', 29),
    ('13', 30);

INSERT INTO room_seat VALUES
    (0001, 1, '11', 1),
    (0001, 1, '11', 2),
    (0001, 1, '11', 3),
    (0001, 1, '11', 4),
    (0001, 1, '11', 5),
    (0001, 1, '11', 6),
    (0001, 1, '11', 7),
    (0001, 1, '11', 8),
    (0001, 1, '11', 9),
    (0001, 1, '11', 10),
    (0001, 1, '12', 11),
    (0001, 1, '12', 12),
    (0001, 1, '12', 13),
    (0001, 1, '12', 14),
    (0001, 1, '12', 15),
    (0001, 1, '12', 16),
    (0001, 1, '12', 17),
    (0001, 1, '12', 18),
    (0001, 1, '12', 19),
    (0001, 1, '12', 20),
    (0001, 1, '13', 21),
    (0001, 1, '13', 22),
    (0001, 1, '13', 23),
    (0001, 1, '13', 24),
    (0001, 1, '13', 25),
    (0001, 1, '13', 26),
    (0001, 1, '13', 27),
    (0001, 1, '13', 28),
    (0001, 1, '13', 29),
    (0001, 1, '13', 30),
    (0001, 2, '11', 1),
    (0001, 2, '11', 2),
    (0001, 2, '11', 3),
    (0001, 2, '11', 4),
    (0001, 2, '11', 5),
    (0001, 2, '11', 6),
    (0001, 2, '11', 7),
    (0001, 2, '11', 8),
    (0001, 2, '11', 9),
    (0001, 2, '11', 10),
    (0001, 2, '12', 11),
    (0001, 2, '12', 12),
    (0001, 2, '12', 13),
    (0001, 2, '12', 14),
    (0001, 2, '12', 15),
    (0001, 2, '12', 16),
    (0001, 2, '12', 17),
    (0001, 2, '12', 18),
    (0001, 2, '12', 19),
    (0001, 2, '12', 20),
    (0001, 2, '13', 21),
    (0001, 2, '13', 22),
    (0001, 2, '13', 23),
    (0001, 2, '13', 24),
    (0001, 2, '13', 25),
    (0001, 2, '13', 26),
    (0001, 2, '13', 27),
    (0001, 2, '13', 28),
    (0001, 2, '13', 29),
    (0001, 2, '13', 30),
    (0001, 3, '11', 1),
    (0001, 3, '11', 2),
    (0001, 3, '11', 3),
    (0001, 3, '11', 4),
    (0001, 3, '11', 5),
    (0001, 3, '11', 6),
    (0001, 3, '11', 7),
    (0001, 3, '11', 8),
    (0001, 3, '11', 9),
    (0001, 3, '11', 10),
    (0001, 3, '12', 11),
    (0001, 3, '12', 12),
    (0001, 3, '12', 13),
    (0001, 3, '12', 14),
    (0001, 3, '12', 15),
    (0001, 3, '12', 16),
    (0001, 3, '12', 17),
    (0001, 3, '12', 18),
    (0001, 3, '12', 19),
    (0001, 3, '12', 20),
    (0001, 3, '13', 21),
    (0001, 3, '13', 22),
    (0001, 3, '13', 23),
    (0001, 3, '13', 24),
    (0001, 3, '13', 25),
    (0001, 3, '13', 26),
    (0001, 3, '13', 27),
    (0001, 3, '13', 28),
    (0001, 3, '13', 29),
    (0001, 3, '13', 30),
    (0002, 1, '11', 1),
    (0002, 1, '11', 2),
    (0002, 1, '11', 3),
    (0002, 1, '11', 4),
    (0002, 1, '11', 5),
    (0002, 1, '11', 6),
    (0002, 1, '11', 7),
    (0002, 1, '11', 8),
    (0002, 1, '11', 9),
    (0002, 1, '11', 10),
    (0002, 1, '12', 11),
    (0002, 1, '12', 12),
    (0002, 1, '12', 13),
    (0002, 1, '12', 14),
    (0002, 1, '12', 15),
    (0002, 1, '12', 16),
    (0002, 1, '12', 17),
    (0002, 1, '12', 18),
    (0002, 1, '12', 19),
    (0002, 1, '12', 20),
    (0002, 1, '13', 21),
    (0002, 1, '13', 22),
    (0002, 1, '13', 23),
    (0002, 1, '13', 24),
    (0002, 1, '13', 25),
    (0002, 1, '13', 26),
    (0002, 1, '13', 27),
    (0002, 1, '13', 28),
    (0002, 1, '13', 29),
    (0002, 1, '13', 30),
    (0002, 2, '11', 1),
    (0002, 2, '11', 2),
    (0002, 2, '11', 3),
    (0002, 2, '11', 4),
    (0002, 2, '11', 5),
    (0002, 2, '11', 6),
    (0002, 2, '11', 7),
    (0002, 2, '11', 8),
    (0002, 2, '11', 9),
    (0002, 2, '11', 10),
    (0002, 2, '12', 11),
    (0002, 2, '12', 12),
    (0002, 2, '12', 13),
    (0002, 2, '12', 14),
    (0002, 2, '12', 15),
    (0002, 2, '12', 16),
    (0002, 2, '12', 17),
    (0002, 2, '12', 18),
    (0002, 2, '12', 19),
    (0002, 2, '12', 20),
    (0002, 2, '13', 21),
    (0002, 2, '13', 22),
    (0002, 2, '13', 23),
    (0002, 2, '13', 24),
    (0002, 2, '13', 25),
    (0002, 2, '13', 26),
    (0002, 2, '13', 27),
    (0002, 2, '13', 28),
    (0002, 2, '13', 29),
    (0002, 2, '13', 30),
    (0002, 3, '11', 1),
    (0002, 3, '11', 2),
    (0002, 3, '11', 3),
    (0002, 3, '11', 4),
    (0002, 3, '11', 5),
    (0002, 3, '11', 6),
    (0002, 3, '11', 7),
    (0002, 3, '11', 8),
    (0002, 3, '11', 9),
    (0002, 3, '11', 10),
    (0002, 3, '12', 11),
    (0002, 3, '12', 12),
    (0002, 3, '12', 13),
    (0002, 3, '12', 14),
    (0002, 3, '12', 15),
    (0002, 3, '12', 16),
    (0002, 3, '12', 17),
    (0002, 3, '12', 18),
    (0002, 3, '12', 19),
    (0002, 3, '12', 20),
    (0002, 3, '13', 21),
    (0002, 3, '13', 22),
    (0002, 3, '13', 23),
    (0002, 3, '13', 24),
    (0002, 3, '13', 25),
    (0002, 3, '13', 26),
    (0002, 3, '13', 27),
    (0002, 3, '13', 28),
    (0002, 3, '13', 29),
    (0002, 3, '13', 30),
    (0004, 1, '11', 1),
(0004, 1, '11', 2),
(0004, 1, '11', 3),
(0004, 1, '11', 4),
(0004, 1, '11', 5),
(0004, 1, '11', 6),
(0004, 1, '11', 7),
(0004, 1, '11', 8),
(0004, 1, '11', 9),
(0004, 1, '11', 10),
(0004, 1, '12', 11),
(0004, 1, '12', 12),
(0004, 1, '12', 13),
(0004, 1, '12', 14),
(0004, 1, '12', 15),
(0004, 1, '12', 16),
(0004, 1, '12', 17),
(0004, 1, '12', 18),
(0004, 1, '12', 19),
(0004, 1, '12', 20),
(0004, 1, '13', 21),
(0004, 1, '13', 22),
(0004, 1, '13', 23),
(0004, 1, '13', 24),
(0004, 1, '13', 25),
(0004, 1, '13', 26),
(0004, 1, '13', 27),
(0004, 1, '13', 28),
(0004, 1, '13', 29),
(0004, 1, '13', 30),
(0004, 2, '11', 1),
(0004, 2, '11', 2),
(0004, 2, '11', 3),
(0004, 2, '11', 4),
(0004, 2, '11', 5),
(0004, 2, '11', 6),
(0004, 2, '11', 7),
(0004, 2, '11', 8),
(0004, 2, '11', 9),
(0004, 2, '11', 10),
(0004, 2, '12', 11),
(0004, 2, '12', 12),
(0004, 2, '12', 13),
(0004, 2, '12', 14),
(0004, 2, '12', 15),
(0004, 2, '12', 16),
(0004, 2, '12', 17),
(0004, 2, '12', 18),
(0004, 2, '12', 19),
(0004, 2, '12', 20),
(0004, 2, '13', 21),
(0004, 2, '13', 22),
(0004, 2, '13', 23),
(0004, 2, '13', 24),
(0004, 2, '13', 25),
(0004, 2, '13', 26),
(0004, 2, '13', 27),
(0004, 2, '13', 28),
(0004, 2, '13', 29),
(0004, 2, '13', 30),
(0005, 1, '11', 1),
(0005, 1, '11', 2),
(0005, 1, '11', 3),
(0005, 1, '11', 4),
(0005, 1, '11', 5),
(0005, 1, '11', 6),
(0005, 1, '11', 7),
(0005, 1, '11', 8),
(0005, 1, '11', 9),
(0005, 1, '11', 10),
(0005, 1, '12', 11),
(0005, 1, '12', 12),
(0005, 1, '12', 13),
(0005, 1, '12', 14),
(0005, 1, '12', 15),
(0005, 1, '12', 16),
(0005, 1, '12', 17),
(0005, 1, '12', 18),
(0005, 1, '12', 19),
(0005, 1, '12', 20),
(0005, 1, '13', 21),
(0005, 1, '13', 22),
(0005, 1, '13', 23),
(0005, 1, '13', 24),
(0005, 1, '13', 25),
(0005, 1, '13', 26),
(0005, 1, '13', 27),
(0005, 1, '13', 28),
(0005, 1, '13', 29),
(0005, 1, '13', 30),
(0005, 2, '11', 1),
(0005, 2, '11', 2),
(0005, 2, '11', 3),
(0005, 2, '11', 4),
(0005, 2, '11', 5),
(0005, 2, '11', 6),
(0005, 2, '11', 7),
(0005, 2, '11', 8),
(0005, 2, '11', 9),
(0005, 2, '11', 10),
(0005, 2, '12', 11),
(0005, 2, '12', 12),
(0005, 2, '12', 13),
(0005, 2, '12', 14),
(0005, 2, '12', 15),
(0005, 2, '12', 16),
(0005, 2, '12', 17),
(0005, 2, '12', 18),
(0005, 2, '12', 19),
(0005, 2, '12', 20),
(0005, 2, '13', 21),
(0005, 2, '13', 22),
(0005, 2, '13', 23),
(0005, 2, '13', 24),
(0005, 2, '13', 25),
(0005, 2, '13', 26),
(0005, 2, '13', 27),
(0005, 2, '13', 28),
(0005, 2, '13', 29),
(0005, 2, '13', 30),
(0006, 1, '11', 1),
(0006, 1, '11', 2),
(0006, 1, '11', 3),
(0006, 1, '11', 4),
(0006, 1, '11', 5),
(0006, 1, '11', 6),
(0006, 1, '11', 7),
(0006, 1, '11', 8),
(0006, 1, '11', 9),
(0006, 1, '11', 10),
(0006, 1, '12', 11),
(0006, 1, '12', 12),
(0006, 1, '12', 13),
(0006, 1, '12', 14),
(0006, 1, '12', 15),
(0006, 1, '12', 16),
(0006, 1, '12', 17),
(0006, 1, '12', 18),
(0006, 1, '12', 19),
(0006, 1, '12', 20),
(0006, 1, '13', 21),
(0006, 1, '13', 22),
(0006, 1, '13', 23),
(0006, 1, '13', 24),
(0006, 1, '13', 25),
(0006, 1, '13', 26),
(0006, 1, '13', 27),
(0006, 1, '13', 28),
(0006, 1, '13', 29),
(0006, 1, '13', 30),
(0006, 2, '11', 1),
(0006, 2, '11', 2),
(0006, 2, '11', 3),
(0006, 2, '11', 4),
(0006, 2, '11', 5),
(0006, 2, '11', 6),
(0006, 2, '11', 7),
(0006, 2, '11', 8),
(0006, 2, '11', 9),
(0006, 2, '11', 10),
(0006, 2, '12', 11),
(0006, 2, '12', 12),
(0006, 2, '12', 13),
(0006, 2, '12', 14),
(0006, 2, '12', 15),
(0006, 2, '12', 16),
(0006, 2, '12', 17),
(0006, 2, '12', 18),
(0006, 2, '12', 19),
(0006, 2, '12', 20),
(0006, 2, '13', 21),
(0006, 2, '13', 22),
(0006, 2, '13', 23),
(0006, 2, '13', 24),
(0006, 2, '13', 25),
(0006, 2, '13', 26),
(0006, 2, '13', 27),
(0006, 2, '13', 28),
(0006, 2, '13', 29),
(0006, 2, '13', 30),
(0007, 1, '11', 1),
(0007, 1, '11', 2),
(0007, 1, '11', 3),
(0007, 1, '11', 4),
(0007, 1, '11', 5),
(0007, 1, '11', 6),
(0007, 1, '11', 7),
(0007, 1, '11', 8),
(0007, 1, '11', 9),
(0007, 1, '11', 10),
(0007, 1, '12', 11),
(0007, 1, '12', 12),
(0007, 1, '12', 13),
(0007, 1, '12', 14),
(0007, 1, '12', 15),
(0007, 1, '12', 16),
(0007, 1, '12', 17),
(0007, 1, '12', 18),
(0007, 1, '12', 19),
(0007, 1, '12', 20),
(0007, 1, '13', 21),
(0007, 1, '13', 22),
(0007, 1, '13', 23),
(0007, 1, '13', 24),
(0007, 1, '13', 25),
(0007, 1, '13', 26),
(0007, 1, '13', 27),
(0007, 1, '13', 28),
(0007, 1, '13', 29),
(0007, 1, '13', 30),
(0007, 2, '11', 1),
(0007, 2, '11', 2),
(0007, 2, '11', 3),
(0007, 2, '11', 4),
(0007, 2, '11', 5),
(0007, 2, '11', 6),
(0007, 2, '11', 7),
(0007, 2, '11', 8),
(0007, 2, '11', 9),
(0007, 2, '11', 10),
(0007, 2, '12', 11),
(0007, 2, '12', 12),
(0007, 2, '12', 13),
(0007, 2, '12', 14),
(0007, 2, '12', 15),
(0007, 2, '12', 16),
(0007, 2, '12', 17),
(0007, 2, '12', 18),
(0007, 2, '12', 19),
(0007, 2, '12', 20),
(0007, 2, '13', 21),
(0007, 2, '13', 22),
(0007, 2, '13', 23),
(0007, 2, '13', 24),
(0007, 2, '13', 25),
(0007, 2, '13', 26),
(0007, 2, '13', 27),
(0007, 2, '13', 28),
(0007, 2, '13', 29),
(0007, 2, '13', 30);

INSERT INTO film_session VALUES
    (0002, 3, 1, '2023-07-14', '14:00:00', 'EN'),
    (0003, 3, 2, '2023-07-14', '16:30:00', 'ES'),
    (0004, 2, 3, '2023-07-14', '19:00:00', 'ES'),
    (0005, 2, 4, '2023-07-14', '15:00:00', 'EN'),
    (0006, 2, 5, '2023-07-14', '17:30:00', 'EN'),
    (0007, 2, 6, '2023-07-14', '20:00:00', 'EN'),
    (0001, 3, 7, '2023-07-14', '14:30:00', 'PT'),
    (0002, 3, 8, '2023-07-15', '15:30:00', 'EN'),
    (0003, 3, 9, '2023-07-15', '18:00:00', 'FR'),
    (0004, 2, 10, '2023-07-15', '20:30:00', 'EN'),
    (0005, 2, 11, '2023-07-15', '14:00:00', 'ES'),
    (0006, 2, 12, '2023-07-15', '16:30:00', 'EN'),
    (0007, 2, 13, '2023-07-15', '19:00:00', 'FR'),
    (0001, 3, 14, '2023-07-15', '15:30:00', 'ES'),
    (0002, 3, 15, '2023-07-16', '17:00:00', 'ES'),
    (0003, 3, 3, '2023-07-16', '19:30:00', 'ES'),
    (0004, 2, 4, '2023-07-16', '14:00:00', 'EN'),
    (0005, 2, 5, '2023-07-16', '16:30:00', 'EN'),
    (0006, 2, 6, '2023-07-16', '19:00:00', 'EN'),
    (0007, 2, 7, '2023-07-16', '14:30:00', 'PT'),
    (0001, 3, 8, '2023-07-17', '15:30:00', 'EN'),
    (0002, 3, 9, '2023-07-17', '18:00:00', 'FR'),
    (0003, 3, 10, '2023-07-17', '20:30:00', 'EN'),
    (0004, 2, 11, '2023-07-17', '14:00:00', 'ES'),
    (0005, 2, 12, '2023-07-17', '16:30:00', 'EN'),
    (0006, 2, 13, '2023-07-17', '19:00:00', 'FR'),
    (0007, 2, 14, '2023-07-17', '15:30:00', 'ES'),
    (0001, 3, 15, '2023-07-18', '17:00:00', 'ES'),
    (0002, 3, 1, '2023-07-18', '19:30:00', 'EN'),
    (0003, 3, 2, '2023-07-18', '14:00:00', 'ES'),
    (0004, 2, 3, '2023-07-18', '16:30:00', 'ES'),
    (0005, 2, 4, '2023-07-18', '19:00:00', 'EN'),
    (0006, 2, 5, '2023-07-18', '14:30:00', 'PT'),
    (0007, 2, 6, '2023-07-19', '15:30:00', 'EN'),
    (0001, 3, 7, '2023-07-19', '18:00:00', 'FR'),
    (0002, 3, 8, '2023-07-19', '20:30:00', 'EN'),
    (0003, 3, 9, '2023-07-19', '14:00:00', 'ES'),
    (0004, 2, 10, '2023-07-19', '16:30:00', 'EN'),
    (0005, 2, 11, '2023-07-19', '19:00:00', 'FR'),
    (0006, 2, 12, '2023-07-19', '15:30:00', 'ES');
    

INSERT INTO ticket VALUES
  (1, '2023-07-11 10:30:00', 1, 7, 15.00, 0.75, 15.75, 'EUR', 1),
  (2, '2023-07-11 11:30:00', 2, 13, 10.00, 0.50, 10.50, 'EUR', 2),
  (3, '2023-07-11 12:30:00', 3, 20, 20.00, 1.00, 21.00, 'USD', 3),
  (4, '2023-07-11 13:30:00', 4, 30, 30.00, 1.50, 31.50, 'EUR', 4),
  (5, '2023-07-11 14:30:00', 5, 36, 25.00, 1.25, 26.25, 'EUR', 5),
  (6, '2023-07-11 15:30:00', 6, 42, 30.00, 1.50, 31.50, 'EUR', 6),
  (7, '2023-07-11 16:30:00', 7, 48, 15.00, 0.75, 15.75, 'USD', 7),
  (8, '2023-07-11 17:30:00', 1, 7, 10.00, 0.50, 10.50, 'EUR', 8),
  (9, '2023-07-11 18:30:00', 2, 13, 30.00, 1.50, 31.50, 'EUR', 9),
  (10, '2023-07-11 19:30:00', 3, 20, 15.00, 0.75, 15.75, 'USD', 10),
  (11, '2023-07-11 20:30:00', 4, 30, 20.00, 1.00, 21.00, 'EUR', 11),
  (12, '2023-07-11 21:30:00', 5, 36, 25.00, 1.25, 26.25, 'EUR', 12),
  (13, '2023-07-11 22:30:00', 6, 42, 30.00, 1.50, 31.50, 'USD', 13),
  (14, '2023-07-11 23:30:00', 7, 48, 15.00, 0.75, 15.75, 'EUR', 14),
  (15, '2023-07-12 00:30:00', 1, 7, 10.00, 0.50, 10.50, 'EUR', 15),
  (16, '2023-07-12 01:30:00', 2, 13, 20.00, 1.00, 21.00, 'USD', 16),
  (17, '2023-07-12 02:30:00', 3, 20, 25.00, 1.25, 26.25, 'EUR', 17),
  (18, '2023-07-12 03:30:00', 4, 30, 30.00, 1.50, 31.50, 'EUR', 18),
  (19, '2023-07-12 04:30:00', 5, 36, 15.00, 0.75, 15.75, 'USD', 19),
  (20, '2023-07-12 05:30:00', 6, 42, 10.00, 0.50, 10.50, 'EUR', 20),
  (21, '2023-07-12 06:30:00', 7, 48, 30.00, 1.50, 31.50, 'EUR', 21),
  (22, '2023-07-12 07:30:00', 1, 7, 25.00, 1.25, 26.25, 'USD', 22),
  (23, '2023-07-12 08:30:00', 2, 13, 20.00, 1.00, 21.00, 'EUR', 23),
  (24, '2023-07-12 09:30:00', 3, 20, 15.00, 0.75, 15.75, 'EUR', 24),
  (25, '2023-07-12 10:30:00', 4, 30, 30.00, 1.50, 31.50, 'USD', 25),
  (26, '2023-07-12 11:30:00', 5, 36, 25.00, 1.25, 26.25, 'EUR', 26),
  (27, '2023-07-12 12:30:00', 6, 42, 10.00, 0.50, 10.50, 'EUR', 27),
  (28, '2023-07-12 13:30:00', 7, 48, 15.00, 0.75, 15.75, 'USD', 28),
  (29, '2023-07-12 14:30:00', 1, 7, 20.00, 1.00, 21.00, 'EUR', 29),
  (30, '2023-07-12 15:30:00', 2, 13, 15.00, 0.75, 15.75, 'EUR', 30);

INSERT INTO ticket_item VALUES
    (1, 1, '0000001', 2, 5.00, 6.00000, 10.00),
  (1, 2, '0000021', 1, 3.00, 2.50000, 3.00),
  (2, 1, '0000013', 1, 10.00, 6.00000, 10.00),
  (2, 2, '0000019', 1, 2.50, 16.50000, 2.50),
  (3, 1, '0000003', 1, 5.00, 8.00000, 5.00),
  (3, 2, '0000024', 1, 6.00, 1.50000, 6.00),
  (4, 1, '0000012', 2, 6.00, 5.60000, 12.00),
  (4, 2, '0000015', 1, 10.00, 8.00000, 10.00),
  (4, 3, '0000020', 1, 3.00, 10.00000, 3.00),
  (5, 1, '0000010', 1, 6.00, 7.00000, 6.00),
  (5, 2, '0000016', 1, 6.00, 5.60000, 6.00),
  (5, 3, '0000023', 2, 4.50, 1.50000, 9.00),
  (6, 1, '0000007', 3, 8.00, 8.00000, 24.00),
  (6, 2, '0000022', 1, 5.00, 5.00000, 5.00),
  (7, 1, '0000001', 1, 5.00, 6.00000, 5.00),
  (7, 2, '0000025', 1, 10.00, 2.25000, 10.00),
  (8, 1, '0000002', 1, 5.00, 7.00000, 5.00),
  (8, 2, '0000024', 1, 6.00, 1.50000, 6.00),
  (8, 3, '0000021', 1, 3.00, 2.50000, 3.00),
  (9, 1, '0000006', 1, 8.00, 7.00000, 8.00),
  (9, 2, '0000012', 1, 6.00, 5.60000, 6.00),
  (9, 3, '0000022', 1, 5.00, 5.00000, 5.00),
  (10, 1, '0000010', 2, 6.00, 7.00000, 12.00),
  (10, 2, '0000017', 1, 12.00, 0.00000, 12.00),
  (11, 1, '0000004', 1, 6.00, 5.60000, 6.00),
  (11, 2, '0000011', 1, 6.00, 8.00000, 6.00),
  (12, 1, '0000005', 2, 5.00, 6.00000, 10.00),
  (12, 2, '0000014', 1, 10.00, 7.00000, 10.00),
  (13, 1, '0000015', 1, 10.00, 8.00000, 10.00),
  (13, 2, '0000018', 1, 4.50, 25.00000, 4.50),
  (14, 1, '0000001', 1, 5.00, 6.00000, 5.00),
  (14, 2, '0000026', 2, 7.00, 3.75000, 14.00),
  (14, 3, '0000018', 1, 4.50, 25.00000, 4.50),
  (15, 1, '0000002', 1, 5.00, 7.00000, 5.00),
  (15, 2, '0000023', 1, 4.50, 0.75000, 4.50),
  (15, 3, '0000021', 1, 3.00, 2.50000, 3.00),
  (16, 1, '0000003', 1, 5.00, 8.00000, 5.00),
  (16, 2, '0000011', 1, 6.00, 8.00000, 6.00),
  (17, 1, '0000004', 1, 6.00, 5.60000, 6.00),
  (17, 2, '0000017', 1, 12.00, 0.00000, 12.00),
  (18, 1, '0000012', 1, 6.00, 5.60000, 6.00),
  (18, 2, '0000018', 1, 4.50, 25.00000, 4.50),
  (18, 3, '0000023', 1, 4.50, 0.75000, 4.50),
  (19, 1, '0000005', 1, 5.00, 6.00000, 5.00),
  (19, 2, '0000019', 1, 2.50, 16.50000, 2.50),
  (20, 1, '0000006', 1, 8.00, 7.00000, 8.00),
  (20, 2, '0000021', 1, 3.00, 2.50000, 3.00),
  (21, 1, '0000007', 2, 8.00, 8.00000, 16.00),
  (21, 2, '0000022', 1, 5.00, 5.00000, 5.00),
  (22, 1, '0000001', 1, 5.00, 6.00000, 5.00),
  (22, 2, '0000024', 1, 6.00, 1.50000, 6.00),
  (22, 3, '0000025', 1, 10.00, 2.25000, 10.00),
  (23, 1, '0000002', 1, 5.00, 7.00000, 5.00),
  (23, 2, '0000026', 1, 7.00, 3.75000, 7.00),
  (23, 3, '0000023', 1, 4.50, 0.75000, 4.50),
  (24, 1, '0000003', 1, 5.00, 8.00000, 5.00),
  (24, 2, '0000020', 1, 3.00, 10.00000, 3.00),
  (25, 1, '0000004', 1, 6.00, 5.60000, 6.00),
  (25, 2, '0000010', 1, 6.00, 7.00000, 6.00),
  (25, 3, '0000025', 1, 10.00, 2.25000, 10.00),
  (26, 1, '0000015', 1, 10.00, 8.00000, 10.00),
  (26, 2, '0000016', 1, 6.00, 5.60000, 6.00),
  (27, 1, '0000018', 1, 4.50, 25.00000, 4.50),
  (28, 1, '0000001', 1, 5.00, 6.00000, 5.00),
  (28, 2, '0000026', 1, 7.00, 3.75000, 7.00),
  (28, 3, '0000018', 1, 4.50, 25.00000, 4.50),
  (29, 1, '0000002', 1, 5.00, 7.00000, 5.00),
  (29, 2, '0000010', 1, 6.00, 7.00000, 6.00),
  (30, 1, '0000026', 1, 7.00, 3.75000, 7.00),
  (30, 2, '0000025', 1, 10.00, 2.25000, 10.00);
  
  insert into film_ticket values(1,1,3,7,'2023-07-14','14:30:00'),
  (8,1,3,7,'2023-07-19','18:00:00'),
  (15,1,3,8,'2023-07-17','15:30:00'),
  (22,1,3,14,'2023-07-15','15:30:00'),
  (29,1,3,15,'2023-07-18','17:00:00');
  
  INSERT INTO film_ticket_seat VALUES
    (1, 0001, 3, '11', 1),
    (8, 0001, 3, '11', 8),
    (15, 0001, 3, '12', 15),
    (22, 0001, 3, '13', 22),
    (29, 0001, 3, '13', 29);
    